﻿

	-- -----------------------------------------------------
	-- Data for table "TicketSales"
	-- -----------------------------------------------------

	INSERT INTO  "TicketSales" ("Friday", "Saturday", "Sunday") VALUES (250, 250, 250);

	-- -----------------------------------------------------
	-- Data for table "Order"
	-- -----------------------------------------------------
	INSERT INTO "Order" ("idOrder", "orderDate", "orderPrice", "orderState", "orderPaid") VALUES ('1', '2015-12-22 03:51 PM', 13, FALSE, FALSE);



	-- -----------------------------------------------------z
	-- Data for table "Ticket"
	-- -----------------------------------------------------
	INSERT INTO "Ticket" ("idTicket", "ticketIn", "ticketDay", "barcode") VALUES (1, FALSE, '1', '12016-12-16');
	INSERT INTO "Ticket" ("idTicket", "ticketIn", "ticketDay", "barcode") VALUES (2, FALSE, '0', '22016-12-16');
	INSERT INTO "Ticket" ("idTicket", "ticketIn", "ticketDay", "barcode") VALUES (3, FALSE, '1', '32016-12-16');
	INSERT INTO "Ticket" ("idTicket", "ticketIn", "ticketDay", "barcode") VALUES (4, FALSE, '2', '42016-12-16');


	-- -----------------------------------------------------
	-- Data for table "orderTickets"
	-- -----------------------------------------------------
	INSERT INTO "orderTickets" ("idTicket", "idOrder") VALUES (1, '1');
	INSERT INTO "orderTickets" ("idTicket", "idOrder") VALUES (2, '1');
	INSERT INTO "orderTickets" ("idTicket", "idOrder") VALUES (3, '1');


	-- -----------------------------------------------------
	-- Data for table "userOrders"
	-- -----------------------------------------------------
	INSERT INTO "userOrders" ("idUser", "idOrder") VALUES (1, '1');


	-- -----------------------------------------------------
	-- Data for table "Meal"
	-- -----------------------------------------------------
	INSERT INTO "Meal" ("idMeal", "foodType", "barcode", "foodtime", "mealDate", "used") VALUES (1, TRUE, '122016-12-16', TRUE, '2016-12-16', FALSE);
	INSERT INTO "Meal" ("idMeal", "foodType", "barcode", "foodtime", "mealDate", "used") VALUES (2, FALSE, '222016-12-16', FALSE, '2016-12-18', FALSE);


	-- -----------------------------------------------------
	-- Data for table "orderMeals"
	-- -----------------------------------------------------
	INSERT INTO "orderMeals" ("idMeals", "idOrders") VALUES (1, '1');
	INSERT INTO "orderMeals" ("idMeals", "idOrders") VALUES (2, '1');


	-- -----------------------------------------------------
	-- Data for table "TicketSales"
	-- -----------------------------------------------------
	INSERT INTO "TicketSales" ("Friday", "Saturday", "Sunday") VALUES (250, 250, 250);



-- ------------------------------------------------------- Data for table "Tag"-- -----------------------------------------------------
INSERT INTO "Tag" ("idTag", "Tag") VALUES (1, 'Worpdress');
INSERT INTO "Tag" ("idTag", "Tag") VALUES (2, 'PHP');
INSERT INTO "Tag" ("idTag", "Tag") VALUES (3, 'SQL');
INSERT INTO "Tag" ("idTag", "Tag") VALUES (4, 'DevOps');
-- ------------------------------------------------------- Data for table "Timeslot"-- -----------------------------------------------------
INSERT INTO "Timeslot" ("idTimeslot", "idSlot", "topic", "wishes", "prefferedSlot", "description", "reviewed") VALUES (1, 1, 'Topic', 'Wishes', NULL, 'Description', FALSE);
INSERT INTO "Timeslot" ("idTimeslot", "idSlot", "topic", "wishes", "prefferedSlot", "description", "reviewed") VALUES (2, 2, 'Topic', 'Wishes', 1, 'Description', FALSE);
-- ------------------------------------------------------- Data for table "timeslotTag"-- -----------------------------------------------------
INSERT INTO "timeslotTag" ("idtimeslotTag", "idTag") VALUES (1, 1);
INSERT INTO "timeslotTag" ("idtimeslotTag", "idTag") VALUES (1, 2);
INSERT INTO "timeslotTag" ("idtimeslotTag", "idTag") VALUES (1, 3);
INSERT INTO "timeslotTag" ("idtimeslotTag", "idTag") VALUES (2, 2);
INSERT INTO "timeslotTag" ("idtimeslotTag", "idTag") VALUES (2, 1);
INSERT INTO "timeslotTag" ("idtimeslotTag", "idTag") VALUES (2, 4);
-- ------------------------------------------------------- Data for table "userTimeslot"-- -----------------------------------------------------
INSERT INTO "userTimeslot" ("idTimeslot", "idUser") VALUES (1, 1);INSERT INTO "userTimeslot" ("idTimeslot", "idUser") VALUES (2, 2);

INSERT INTO "Timeslot" ("idTimeslot", "idSlot", "topic", "wishes", "prefferedSlot", "description", "reviewed") VALUES (1, 1, 'Topic', 'Wishes', NULL, 'Description', FALSE);INSERT INTO "userTimeslot" ("idTimeslot", "idUser") VALUES (2, 2);INSERT INTO "timeslotTag" ("idtimeslotTag", "idTag") VALUES (2, 1);INSERT INTO "Tag" ("idTag", "Tag") VALUES (4, 'DevOps');


SELECT * FROM "Timeslot";

UPDATE "Timeslot" SET "reviewed" = TRUE, "idSlot" = "prefferedSlot" where "idTimeslot" = 2;

-------------------------------------

INSERT INTO "SlotTimes" ("idSlot", "slotValue") VALUES (1, 'Customer');
